{"cameraMode":{"drawMode":0,"name":"Shaded","section":"Shading Mode"},"sceneLighting":false,"audioPlay":false,"sceneViewState":{"m_AlwaysRefresh":false,"showFog":true,"showSkybox":false,"showFlares":true,"showImageEffects":true,"showParticleSystems":true,"showVisualEffectGraphs":true,"m_FxEnabled":true},"in2DMode":false,"pivot":{"x":145.76361083984376,"y":-1.8852784633636475,"z":77.94920349121094},"rotation":{"x":0.19831998646259309,"y":-0.11292386800050736,"z":0.023007890209555627,"w":0.9733419418334961},"size":0.8005580902099609,"orthographic":false}