{"cameraMode":{"drawMode":0,"name":"Shaded","section":"Shading Mode"},"sceneLighting":false,"audioPlay":false,"sceneViewState":{"m_AlwaysRefresh":false,"showFog":false,"showSkybox":false,"showFlares":false,"showImageEffects":false,"showParticleSystems":false,"showVisualEffectGraphs":true,"m_FxEnabled":true},"in2DMode":false,"pivot":{"x":0.18109989166259767,"y":1.2169817686080933,"z":0.21985021233558656},"rotation":{"x":0.006439180113375187,"y":0.9899092316627502,"z":-0.04785981401801109,"w":0.1332467496395111},"size":0.6217966079711914,"orthographic":false}