{"cameraMode":{"drawMode":0,"name":"Shaded","section":"Shading Mode"},"sceneLighting":false,"audioPlay":false,"sceneViewState":{"m_AlwaysRefresh":false,"showFog":true,"showSkybox":false,"showFlares":true,"showImageEffects":true,"showParticleSystems":true,"showVisualEffectGraphs":true,"m_FxEnabled":true},"in2DMode":false,"pivot":{"x":464.97198486328127,"y":31.34955596923828,"z":732.8518676757813},"rotation":{"x":-0.05199241265654564,"y":0.26807186007499697,"z":-0.014490536414086819,"w":-0.9618895649909973},"size":6.985927581787109,"orthographic":false}